Province name,District municipality name,District/Local municipality name,Total Population,Black African,Coloured,Indian/Asian,White,Informal Dwelling,Piped (tap) water on community stand,No access to piped (tap) water,Pit toilet,Bucket toilet,Communal refuse dump,Communal container/central collection point,Own refuse dump,Dump or leave rubbish anywhere (no rubbish disposal),Gas for lighting,Paraffin for lighting,Candles for lighting,Paraffin for cooking,Wood for cooking,Coal for cooking,Animal dung for cooking
Western Cape,West Coast,Matzikama,69043.38397,7028.71632,53657.59729,112.2634626,7580.863747,1826.603795,417.1692208,130.0946322,157.186608,560.8826747,187.640666,1556.069798,1216.881194,237.6507132,44.05423039,71.68270776,414.3819705,73.24102749,310.4710067,3.446572397,0.0
Western Cape,West Coast,Cederberg,55108.07841,12027.94971,37977.453,52.66492442,4368.73015,2865.139262,1522.524649,93.75549541,62.891033,489.8872688,194.909284,1375.215139,1614.902223,862.7905366,173.9431369,1278.937845,405.7869893,954.1986473,175.416207,4.674959201,0.0
Western Cape,West Coast,Bergrivier,70275.74464,7234.153934,51142.68663,102.8002369,10843.55748,1314.952899,66.60365028,68.25385872,34.07059428,237.9457432,217.1163377,889.0915139,1301.282461,21.61833244,42.46334747,0.0,109.5801643,20.09264628,71.63818829,0.0,0.0
Western Cape,West Coast,Saldanha Bay,154634.9758,46658.36287,79138.08938,751.7055646,25542.29147,5881.593959,2579.370101,992.587165,457.5618723,1764.295115,164.1361948,2922.15639,396.0746767,1499.537322,476.0959803,918.1012897,993.9802581,322.4565419,69.39090061,10.90823814,1.558319734
Western Cape,West Coast,Swartland,148331.4043,27073.52884,95105.9167,530.750633,23342.6975,3863.894191,408.0512288,323.9246352,129.5586745,943.8656292,689.1545104,3449.41267,2403.17571,246.173615,110.8758993,105.9098437,311.3661887,113.7750639,197.1526673,8.286498063,3.116639468
Western Cape,Cape Winelands,Cape Winelands,862703.017,251207.3412,469019.362,3137.913878,127818.0482,25037.84229,11412.80676,2492.139137,734.7199608,4334.710609,5319.158276,14282.47768,7386.069809,3361.248425,720.5137712,1954.482515,3005.37615,2718.260336,987.4124642,57.91414153,15.7481638
Western Cape,Cape Winelands,Witzenberg,103764.8286,27793.82768,66033.07431,157.6638671,8206.92831,2942.603482,1352.505794,416.7489582,49.88395484,305.7144772,935.5828054,2004.349978,2096.807754,402.4959274,35.91376092,411.3889219,551.5805852,453.9584541,184.8994863,11.89803693,1.558319734
Western Cape,Cape Winelands,Drakenstein,276800.0175,71758.54026,152825.4046,1173.502921,46531.73763,7140.082851,2405.282334,747.7772871,74.57848257,1904.595164,830.8723891,4377.72301,1451.771528,462.9450245,333.5453423,258.1125549,724.2959619,416.8962013,282.5731741,19.35970267,1.558319734
Western Cape,Cape Winelands,Stellenbosch,175410.6153,64901.6974,66314.5395,842.0221567,40818.7754,7050.622426,4611.395308,814.1382136,148.5381577,498.7742666,1614.174978,3817.44718,867.162228,639.2656413,115.8956313,576.4777105,746.0656261,678.620372,126.8866478,6.233278935,3.116639468
Western Cape,Cape Winelands,Breede Valley,212682.3492,63714.9655,125775.8348,829.3211385,20161.01247,6126.333423,2651.381036,171.7805504,403.2367033,1311.344205,1408.106552,3303.304413,1581.569655,1563.175039,158.5450584,467.3297392,699.1313731,889.323392,233.2822341,6.3982454,1.723286199
Western Cape,Cape Winelands,Langeberg,94045.20643,23038.31033,58070.50875,135.4037949,12099.5944,1778.200108,392.2422891,341.6941275,58.48266247,314.2824964,530.4215509,779.6531044,1388.758643,293.3667927,76.61397834,241.1735881,284.3026034,279.4619167,159.770922,14.0248776,7.791598669
Western Cape,Overberg,Overberg,359446.3378,110182.5681,168843.3093,1075.581046,73499.72083,15542.51619,9872.536394,1590.347229,251.6961978,1904.381332,1136.175441,8540.733206,5397.664058,3395.332879,601.7622724,1036.200169,3293.615972,2605.758645,588.1017556,23.46614092,6.563211865
Western Cape,Overberg,Theewaterskloof,139563.1886,48480.72636,76990.37588,398.548382,11920.18849,8076.466737,5340.761578,1335.625537,81.12397107,1265.070029,334.0668228,2768.365265,3606.927001,3168.858128,170.0572642,513.6270155,1926.428644,1923.804117,224.583744,6.728178329,4.839925666
Western Cape,Overberg,Overstrand,132495.4197,50252.92863,35644.34426,380.5827187,44379.71601,5347.092107,3323.708603,94.35946308,76.39256989,218.8571914,316.2476461,3837.632978,301.7805658,108.6965503,362.2227627,443.6263802,969.6198026,480.4369259,74.50486102,10.17475073,1.723286199
Western Cape,Overberg,Cape Agulhas,40273.85641,5053.251952,24366.28842,162.3142932,9373.314146,837.487102,545.5536937,22.80627506,6.563211865,97.80603547,31.58767252,629.6975031,422.0303098,16.57299613,29.86438632,1.723286199,34.20941259,23.8696954,24.52956126,1.723286199,0.0
Western Cape,Overberg,Swellendam,47113.87302,6395.661153,31842.30068,134.1356522,7826.502182,1281.470247,662.5125186,137.5559535,87.61644493,322.6480758,454.2732995,1305.037459,1066.926181,101.2052049,39.6178592,77.22348726,363.358113,177.6479059,264.4835893,4.839925666,0.0
Western Cape,Garden Route,Garden Route,838457.3453,232881.9974,416541.8878,2815.796392,164588.6022,24503.234,14683.08614,1507.066083,3020.172646,6097.731479,1741.3866,13871.99207,7080.067775,2567.226721,630.6714896,1820.653739,4912.605001,3069.038713,3430.376957,55.8609224,12.7964908
Western Cape,Garden Route,Kannaland,31985.62404,442.4179652,27763.50187,80.33230817,2668.147282,282.1472167,307.4988822,103.2144821,437.9914573,337.3100985,103.3908986,362.9589782,1140.676016,129.7047031,34.20941259,1.723286199,278.4444884,5.004892131,517.2859574,1.723286199,1.723286199
Western Cape,Garden Route,Hessequa,71917.57847,3227.314834,52112.64144,208.2733049,15825.86269,813.5495403,373.9408379,97.5497241,179.7371155,187.4172169,186.904295,693.5027235,588.320911,58.83031877,36.33625327,4.674959201,91.22510025,4.839925666,154.3827219,3.281605932,0.0
Western Cape,Garden Route,Mossel Bay,140074.5667,41157.03923,48311.24678,452.6223747,47734.02169,3063.416994,2253.579861,311.86436,226.651674,480.8026047,325.6329262,1608.074169,1112.211027,463.8107597,84.23433721,163.7885385,306.0881047,276.0599664,152.1647357,6.3982454,6.233278935
Western Cape,Garden Route,George,294928.5109,103110.9947,130942.6392,1113.722398,54371.6087,9986.934552,4442.405389,461.5485251,682.1700213,2744.761574,656.5908726,4968.978114,1664.32483,1276.229784,205.6245833,990.013104,1714.304579,1913.139196,570.6179775,25.26304867,3.281605932
Western Cape,Garden Route,Oudtshoorn,138256.8452,10983.65976,105199.1464,411.7835805,12293.79615,2696.962551,1960.11922,142.9646742,493.599119,1331.738369,201.8099032,1523.671463,1763.090413,381.6044501,104.8287,123.1986039,1490.495144,210.7944419,1533.8907,12.96145727,0.0
Western Cape,Garden Route,Bitou,65239.57468,34305.16177,18801.30324,201.1764487,10756.89967,3049.228818,2111.525037,205.1086887,252.8690747,133.2820097,213.6724934,2435.981885,263.6151595,72.50754008,73.73592688,29.60807494,71.84767422,57.65783015,46.91455848,1.558319734,0.0
Western Cape,Garden Route,Knysna,96054.64538,39655.40908,33411.40889,347.8859769,20938.26605,4610.99433,3234.016913,184.8156292,747.1541842,882.4196069,53.38521093,2278.824741,547.829418,184.5391654,91.70227628,507.6471723,960.1999104,601.5424612,455.1203055,4.674959201,1.558319734
Western Cape,Central Karoo,Central Karoo,102173.3106,12150.11597,82329.04388,341.4722908,5717.634589,224.8917266,86.01464684,68.6574132,193.6268371,223.6609524,136.6904073,206.941886,1996.135719,71.96061861,60.26418661,4.839925666,383.3945348,29.93800787,717.0823903,12.96145727,0.0
Western Cape,Central Karoo,Laingsburg,11365.9353,394.2406364,9908.679731,58.18310965,854.8274133,78.90578548,4.839925666,13.12642373,63.66970064,11.79185219,29.36948693,43.96288548,555.3080304,1.723286199,4.509448944,1.558319734,77.45653402,3.281605932,132.9310815,4.674959201,0.0
Western Cape,Central Karoo,Prince Albert,17835.56935,309.1917839,15965.79117,8.839455863,1250.505017,75.62417955,18.13131586,9.679851332,21.90782119,94.98388221,45.8688615,53.23918233,284.5630874,15.01467639,3.116639468,1.723286199,40.60765799,0.0,113.5364759,0.0,0.0
Western Cape,Central Karoo,Beaufort West,72971.80592,11446.68355,56454.57298,274.4497253,3612.302158,70.36176153,63.04340532,45.85113814,108.0493153,116.885218,61.45205884,109.7398182,1156.264601,55.22265602,52.6380982,1.558319734,265.3303428,26.65640194,470.6148329,8.286498063,0.0
Eastern Cape,Sarah Baartman,Sarah Baartman,533252.5232,259926.269,177975.9071,2631.158973,82544.85805,12426.37705,10093.64435,5316.65182,8847.162067,5174.698323,1290.228368,6798.751626,10101.52181,2364.704297,316.1564448,3317.827364,2575.471774,3394.992703,1965.975303,56.74100605,4.397280947
Eastern Cape,Sarah Baartman,Dr Beyers Naude,101001.1594,19309.99789,69689.40106,586.2370026,9633.163042,562.7996507,295.4783136,137.8416779,222.2044226,202.7160828,41.60212882,844.8281071,966.7605231,216.1574867,19.0548841,85.97812279,309.9532296,141.5717908,399.6593061,7.328801578,0.0
Eastern Cape,Sarah Baartman,Blue Crane Route,49882.67768,25889.14552,17217.10602,342.4494549,5541.625847,394.1369107,350.6655271,1673.471598,798.7017353,346.8288713,227.5916867,297.2117273,2947.286133,224.1218145,35.43318378,289.3862178,667.4293495,358.2605215,649.0489478,16.94114154,0.0
Eastern Cape,Sarah Baartman,Makana,97814.92356,72212.52032,12223.31144,843.7153722,11095.33363,2574.186027,2418.774326,582.8945384,1855.235042,460.3662162,258.9833275,1711.786087,873.6289511,612.7947654,88.91173968,871.4356283,236.465358,732.5274605,119.9947269,10.37249021,1.465760316
Eastern Cape,Sarah Baartman,Ndlambe,87797.24146,59739.79225,6624.465349,327.8730039,20114.94687,2593.061634,2248.599275,870.1415363,2929.510396,702.4420158,345.943303,780.5540395,1367.556428,376.2674111,99.80948299,1057.625618,700.5380912,902.7071583,312.0716549,14.76977115,0.0
Eastern Cape,Sarah Baartman,Sundays River Valley,53255.582,38548.9093,10736.31453,121.0664812,2258.206439,1772.06388,1731.49,1271.740928,1876.047094,608.2526492,133.5953893,466.1740344,2660.403543,330.4997775,30.34754567,512.1032211,287.0374413,683.0159707,216.4566101,2.931520631,1.465760316
Eastern Cape,Sarah Baartman,Kouga,107014.3241,34892.15254,37649.38141,294.1505634,31968.55875,4069.751121,2765.119284,605.6873924,902.6969739,2568.26379,198.1615251,2521.725327,332.2821456,560.7780646,26.4762451,464.0997355,265.0074202,525.2384966,154.8964375,2.931520631,1.465760316
Eastern Cape,Cacadu,Kou-Kamma,36486.6151,9333.751192,23835.92728,115.6670947,1933.023477,460.3778315,283.5176235,174.8741495,262.7664039,285.8286976,84.35100786,176.4723033,953.6040818,44.08497746,16.12336347,37.19882061,109.040884,51.67130492,113.8476198,1.465760316,0.0
Eastern Cape,Amathole,Amathole,871601.0682,831568.0558,19454.55187,1938.532772,14651.66889,4892.47318,50895.50512,69508.26296,120281.4472,2139.297488,3012.815491,4261.011499,122396.044,19733.04441,497.3145818,6114.350701,5084.26503,7582.162677,11055.12762,145.8873799,114.0907444
Eastern Cape,Amathole,Mbhashe,240020.3594,238095.9047,414.4615283,413.6341484,523.8482908,268.0309844,10447.53924,25641.19372,30425.60656,1233.955406,563.7048638,678.3565072,29587.31627,6847.151411,136.0823165,1884.245694,2359.503107,2651.475244,4259.10285,48.88990104,40.90088249
Eastern Cape,Amathole,Mnquma,232993.1679,230565.5534,637.807289,497.6241962,380.0643319,781.5970548,14074.28625,25425.73346,36015.387,209.7641439,1103.829764,430.8408486,33370.59294,6112.211806,134.3174429,1728.734186,986.7047697,2427.742091,2789.823212,12.75842188,51.03368752
Eastern Cape,Amathole,Great Kei,35990.15603,29594.13535,659.6827325,79.74654374,5507.845074,1098.56088,2964.696587,3038.896896,4493.877312,54.21276431,119.6519716,232.5001667,5244.486671,932.0926661,76.50507282,603.8847164,410.4666738,523.3926615,414.218596,8.488658112,0.0
Eastern Cape,Amathole,Amahlathi,115703.319,109333.4741,2093.926427,252.1110155,3452.029932,986.0425863,7116.345751,3060.005904,16236.80996,149.5461562,409.8480711,1323.226926,16066.51159,1471.396428,63.81778958,943.9781136,630.7223169,1084.897463,1156.851172,19.76351048,5.669305478
Eastern Cape,Amathole,Ngqushwa,68299.87859,67094.50888,211.2905467,103.4837529,553.6788521,419.7345086,5879.661652,6442.630768,15259.00595,56.28802071,338.1299852,432.5010319,16527.01634,1271.058397,24.85419828,359.3208831,200.5492729,365.2385599,850.1513198,14.81818056,4.639426138
Eastern Cape,Amathole,Raymond Mhlaba,178594.1873,156884.4793,15437.38334,591.9331156,4234.202415,1338.507166,10412.97565,5899.802221,17850.76041,435.5309965,477.6508347,1163.586018,21600.12021,3099.133698,61.73776169,594.1871073,496.31889,529.4166577,1584.980472,41.16870786,11.84744277
Eastern Cape,Chris Hani,Chris Hani,828387.3392,758042.4013,43164.92827,2820.190658,19416.61159,2588.924097,43974.30312,28460.08005,68892.59467,2026.162457,2836.316658,4076.112223,91223.03119,27155.06667,294.3959133,3179.698737,4454.060482,5589.444302,5152.672319,75.7222587,216.4759496
Eastern Cape,Chris Hani,Inxuba Yethemba,77577.71296,41611.50232,27925.51975,363.5757458,6718.751115,164.9691716,625.3141229,142.4880697,231.2233205,117.8140889,261.8049768,1647.825644,859.3345289,572.538243,14.65760316,47.22122551,313.2002659,158.4872329,192.8031926,10.4846582,0.0
Eastern Cape,Chris Hani,Intsika Yethu,128101.0466,126734.2733,255.179275,224.0740701,164.2122634,97.51282614,9807.189817,10799.16271,15521.03211,214.8793627,636.6024723,123.6414775,16708.9289,3831.080874,61.77830011,493.6706908,625.1244549,792.1699373,1172.186361,15.07813495,71.91110514
Eastern Cape,Chris Hani,Emalahleni,128873.1401,125929.061,1143.750173,332.5456981,831.1988738,145.638606,10785.63278,2407.281389,12998.0375,379.8848944,456.0534632,112.7665292,13473.30162,4960.364429,43.39652215,465.8770217,767.1724552,901.0235675,850.4037462,6.959139207,25.51684376
Eastern Cape,Chris Hani,Dr AB Xuma,132799.0584,131769.8255,229.8203548,114.0965018,123.1592278,157.1164792,7161.593465,8995.973084,11514.54088,528.6531218,360.6163799,39.43512217,12634.01818,3868.041136,38.8870732,502.6913227,1029.527663,803.0546247,1640.964358,15.07813495,83.40081194
Eastern Cape,Chris Hani,Sakhisizwe,63981.07251,62046.03898,607.7217952,163.9329596,894.1522709,361.3916751,3494.574827,1551.163851,6976.87904,52.33971987,141.1715023,42.05827901,7855.446901,3081.861958,21.48922518,140.2647826,333.3948942,307.1597537,584.2554896,9.036707085,16.60765385
Eastern Cape,Chris Hani,Enoch Mgijima,297055.3085,269951.7002,13002.93692,1621.965683,10685.13784,1662.295339,12099.99811,4564.01095,21650.88181,732.5912695,980.0678636,2110.385172,39692.00106,10841.18003,114.1871895,1529.973693,1385.640749,2627.549186,712.0591718,19.08548431,19.03953492
Eastern Cape,Joe Gqabi,Joe Gqabi,393048.3708,360895.3786,16640.67505,1424.086257,12302.15125,3593.97152,13847.12126,24268.17877,45918.86885,1614.227976,1017.732778,2323.496324,44683.90646,7885.97621,313.6423464,2069.893256,3759.842224,3976.860997,5467.350394,38.6730682,46.28540283
Eastern Cape,Joe Gqabi,Elundini,141762.1596,138435.5347,1005.364727,349.3129279,1560.649708,733.1324365,8060.788326,11194.59627,19639.81679,636.7851449,508.4864425,457.7725832,17023.69431,3498.395754,182.1188967,863.6011356,1941.254417,1522.596595,4255.950698,20.06941426,19.71756109
Eastern Cape,Joe Gqabi,Senqu,147073.3551,141485.5282,2080.068126,619.8714075,2253.587025,1415.433244,4432.459171,12456.81669,24532.71355,649.5633517,304.6948618,1099.818519,24754.72413,3754.151141,88.71911368,683.1532285,902.4389561,1342.80804,710.260062,8.118995742,26.56784175
Eastern Cape,Joe Gqabi,Walter Sisulu,104212.8561,80974.31561,13555.24219,454.9019213,8487.914512,1445.40584,1353.873764,616.7658141,1746.338509,327.8794795,204.5514734,765.9052214,2905.488022,633.429315,42.80433598,523.1388916,916.148851,1111.456362,501.1396338,10.4846582,0.0
Eastern Cape,O.R.Tambo,O.R.Tambo,1501702.129,1480398.987,7546.767564,3552.582006,3555.709717,2676.413545,35016.51472,143768.4324,162830.2075,4511.670066,3917.231766,1892.38451,177258.0707,32067.01884,995.7011885,3693.941102,11747.55478,8102.103735,46807.44918,147.368806,560.9955777
Eastern Cape,O.R.Tambo,Ngquza Hill,354572.9909,351611.7238,1414.394612,542.6605406,424.9702084,1135.97038,4601.410612,45976.00686,36023.12017,1739.846207,995.9544888,169.9184536,41652.52271,8015.26256,356.1397147,625.3064532,3036.262874,1582.787933,16242.77343,38.8870732,35.4075036
Eastern Cape,O.R.Tambo,Port St Johns,179324.6428,177560.2193,771.8500157,270.2260903,542.3608009,421.7845272,6085.222876,17112.58412,17983.09466,597.402763,372.7483792,202.2638387,19237.60246,4606.023913,96.59511479,271.7968075,1854.939959,398.5486532,10780.46146,19.76441846,10.43870881
Eastern Cape,O.R.Tambo,Nyandeni,304856.1109,302644.0936,948.7460904,414.0458136,451.834831,431.1947349,8557.531249,32536.33462,36406.89559,832.0321345,552.5149787,299.9274292,38513.98605,6027.561965,160.9270437,864.1369448,2772.774417,1640.829755,10661.0635,28.2062192,228.7976411
Eastern Cape,O.R.Tambo,Mhlontlo,186390.8021,181754.7498,495.7830461,342.3559916,214.7852051,152.0791524,9559.71973,17030.53124,24539.91352,287.9889918,819.3201401,128.909621,25261.24821,5209.798803,90.86842823,428.7074715,1248.769507,880.1782456,4371.355244,17.39784802,96.33516041
Eastern Cape,O.R.Tambo,King Sabata Dalindyebo,476557.5826,466828.2004,3915.9938,1983.29357,1921.758671,535.384751,6212.630255,31112.97561,47877.18354,1054.399969,1176.69378,1091.365167,52592.71123,8208.371603,291.1708871,1503.993425,2834.808023,3599.759148,4751.795545,43.11324708,190.0165638
Eastern Cape,Alfred Nzo,Alfred Nzo,936461.5001,927771.7558,3403.588634,1733.009696,2134.530664,1538.077833,38940.75859,78157.77602,118549.4201,2316.736003,3512.908783,2040.617793,130667.6113,13795.25946,934.4492909,1735.421138,8058.291913,6087.30023,41810.75101,166.471292,180.8009017
Eastern Cape,Alfred Nzo,Matatiele,225561.9381,221539.1486,1485.24642,512.8348763,1473.577727,401.2343023,11299.17045,14705.46163,32336.34776,847.8170483,658.8147102,767.7381397,35633.87684,2550.861759,427.3177555,781.6596602,1672.321665,2914.708207,8003.776581,23.19713069,49.74385379
Eastern Cape,Alfred Nzo,Umzimvubu,214476.5655,212699.1998,683.9716764,487.0237506,168.9731995,186.6672479,11961.05419,16105.24873,28143.86036,564.9306029,727.8216683,384.7413746,31115.32075,4530.171695,166.2909822,578.47545,2938.872365,1943.835984,6538.232453,33.08779053,47.54737742
Eastern Cape,Alfred Nzo,Winnie Madikizela-Mandela,350000.1534,347869.0718,931.7307673,506.9841088,372.4261164,714.009123,8938.14255,33903.20793,41979.27654,546.7953768,1686.620244,725.2096279,44738.85598,3842.876816,180.1474252,206.660717,2690.4464,760.7674841,19224.43325,95.10823583,10.43870881
Eastern Cape,Alfred Nzo,Ntabankulu,146422.8432,145664.3355,302.6397704,226.16696,119.5536204,236.1671594,6742.391404,13443.85773,16089.93541,357.1929754,439.6521613,162.9286511,19179.55772,2871.349194,160.693128,168.6253104,756.6514816,467.988555,8044.30873,15.07813495,73.07096167
Northern Cape,John Taolo Gaetsewe,John Taolo Gaetsewe,272454.3299,244363.3115,17825.87398,1339.740381,8808.176318,5040.61825,30916.83618,6422.926311,33637.56177,3074.398819,385.3856003,1660.046262,40396.75274,3117.395754,213.4602072,453.3899556,3442.129077,470.2964864,6138.676914,25.44773663,18.20745316
Northern Cape,John Taolo Gaetsewe,Joe Morolong,125420.2765,122327.1272,1700.11832,566.2156832,787.3079806,1022.388309,17678.99432,2135.956734,16090.8847,2621.371622,196.6466485,343.1096363,19477.10473,2046.981453,29.43781297,79.85893341,993.7802655,103.4248441,5229.164386,7.347027951,12.06713912
Northern Cape,John Taolo Gaetsewe,Ga-Segonyana,117453.8534,108372.7843,6115.723062,457.8384367,2454.647508,2457.136956,12971.6116,3987.987183,17061.64811,377.5364466,167.1897291,600.8642954,20535.40572,952.6942429,173.0056893,339.4878484,2074.416906,318.1213798,704.2288974,18.10070868,4.826855648
Northern Cape,John Taolo Gaetsewe,Gamagara,29580.19992,13663.40006,10010.0326,315.6862609,5566.220829,1561.092985,266.2302581,298.9823945,485.0289661,75.49075057,21.54922261,716.0723303,384.242283,117.7200578,11.0167049,34.0431737,373.9319052,48.75026242,205.2836302,0.0,1.313458392
Northern Cape,Namakwa,Namakwa,148935.1644,8791.603172,127288.2399,959.6034327,11185.75095,1043.656219,176.5774723,296.1200792,3811.65483,722.4249686,119.3247129,3798.479487,1049.569514,77.74288282,70.88774252,28.56850902,592.9405566,24.0123516,533.3241371,5.869615813,0.0
Northern Cape,Namakwa,Richtersveld,24234.51018,3537.823994,17729.96671,244.816991,2557.25338,74.70649654,16.7473835,20.68775867,244.0670472,22.53510541,7.716962552,216.1568454,59.19067753,4.556157421,9.64620319,3.858481276,34.72633149,1.929240638,28.93860957,1.929240638,0.0
Northern Cape,Namakwa,Nama Khoi,67089.04525,3246.42921,59646.11846,389.6193614,3503.260252,206.4494559,82.54425989,165.6256679,1251.772308,221.6952675,74.62460264,1447.339948,572.1825594,51.71939668,41.00577511,10.95966158,234.0932684,9.64620319,159.9206602,0.0,0.0
Northern Cape,Namakwa,Kamiesberg,15129.93163,656.0447951,13357.13074,92.26640008,876.6027741,106.1082351,7.716962552,49.95430215,1254.73645,27.49355612,5.787721914,1149.834928,34.72633149,0.0,3.858481276,0.0,44.37253468,0.0,67.52342233,0.0,0.0
Northern Cape,Namakwa,Hantam,22280.96027,320.5413234,19470.52371,68.10583199,2345.151007,480.0242798,48.10153767,26.10538004,198.7313161,257.7170112,9.030420944,322.2093975,84.51648753,10.34387934,6.567291958,9.194208742,169.1433241,3.24269903,165.4941166,0.0,0.0
Northern Cape,Namakwa,Karoo Hoogland,11691.2067,273.7596037,9800.955604,109.4607936,1501.90976,93.87132806,9.194208742,9.112314843,724.8652444,128.7189224,3.24269903,62.882215,79.87843621,4.556157421,7.183074205,4.556157421,76.01679892,6.567291958,90.13726563,3.940375175,0.0
Northern Cape,Namakwa,Kh√¢i-Ma,8509.510422,757.0042453,7283.544693,55.33405469,401.5737722,82.49642335,12.27311997,24.63465565,137.4824649,64.26510591,18.92230583,600.0561532,219.0750218,6.567291958,2.626916783,0.0,34.588299,2.626916783,21.31006272,0.0,0.0
Northern Cape,Pixley ka Seme,Pixley ka Seme,216589.2769,64460.93459,128788.7771,1695.736658,21435.93614,7194.527299,2627.143162,758.9436746,3328.252468,1994.944511,613.4449995,2375.352113,5577.723012,2592.802403,148.1636307,307.8815113,2479.436555,587.5930548,2228.572937,23.39656935,1.313458392
Northern Cape,Pixley ka Seme,Ubuntu,15835.51704,3252.890538,11085.07222,134.9353695,1349.856081,186.5001634,90.83494178,8.496532597,49.25626769,89.15138284,79.34454786,68.69837763,461.8617705,80.49106244,7.101180306,7.798856451,133.686885,38.00839946,189.5808526,5.869615813,0.0
Northern Cape,Pixley ka Seme,Umsobomvu,29554.54546,18549.22541,9306.917806,162.483621,1523.393973,319.7034572,179.0395481,58.40795148,201.4502346,52.45644177,48.30949113,305.6680404,256.3157943,136.353991,7.88075035,67.60216022,192.6269468,164.1004051,107.4970127,0.0,0.0
Northern Cape,Pixley ka Seme,Emthanjeni,46586.78407,14884.35583,27904.62652,357.1506491,3421.2794,459.6285432,55.6172469,120.838172,49.62636824,63.7862039,30.12764911,251.5139554,416.2953996,25.94159224,57.24679501,47.2845021,208.4304148,80.12096189,212.082644,2.626916783,0.0
Northern Cape,Pixley ka Seme,Kareeberg,10961.00088,398.2914899,9470.913048,76.87302962,1009.779949,353.281348,214.1787678,5.869615813,278.6201228,95.02099865,16.7473835,92.84592821,176.8318315,146.986077,2.626916783,5.253833567,292.2236561,14.85806945,247.7718258,7.101180306,0.0
Northern Cape,Pixley ka Seme,Renosterberg,10843.15902,3123.873667,6141.631908,118.7267814,1453.700119,209.4556665,36.53115327,45.88914981,19.29240638,48.59796049,5.887409569,50.52720113,422.0784502,314.9843323,2.626916783,74.86712833,128.6370285,105.0766713,76.63258117,0.0,0.0
Northern Cape,Pixley ka Seme,Thembelihle,22541.66939,2743.746575,15171.67114,165.6476186,4432.976373,1642.328847,568.2637406,65.87923234,1105.220343,71.3787476,357.8306584,133.111292,937.6617895,1096.398696,30.20954301,47.2845021,445.059238,72.07642374,264.4996561,0.0,0.0
Northern Cape,Pixley ka Seme,Siyathemba,27101.61428,5347.868441,18762.00174,287.0046535,2688.619091,844.0002935,91.08062347,72.07642374,317.6104287,291.8759696,17.52695354,153.3397985,646.9685174,402.2489995,8.496532597,13.05269002,239.0525833,25.48959779,213.0716221,1.313458392,0.0
Northern Cape,Pixley ka Seme,Siyancuma,53164.98681,16160.68264,30945.94267,392.9149351,5556.331155,3179.628981,1391.59714,381.4865967,1307.176297,1282.676806,57.67090639,1319.64752,2259.709459,389.3976529,31.97499585,44.73783851,839.7198028,87.8625261,917.4367425,6.48539806,1.313458392
Northern Cape,Z F Mgcawu,Z F Mgcawu,283623.9882,70605.28857,187886.6636,2319.847018,21603.79401,13777.68864,3089.595612,2994.136817,5346.663087,5432.570037,1276.654114,11306.87713,8541.805479,1988.436666,235.5375236,342.0598259,3227.533385,333.5207214,2436.296234,27.33694453,1.313458392
Northern Cape,Z F Mgcawu,Kai !Garib,85104.13838,15897.40265,61458.3949,1005.271464,6134.305995,2309.686379,759.7088571,784.2041888,1453.1018,1006.189706,296.0352816,3771.113629,4480.690311,969.6657964,57.67090639,125.0810807,926.1328278,74.68212365,688.4488012,1.929240638,1.313458392
Northern Cape,Z F Mgcawu,!Kheis,21953.63853,985.2563192,19777.27388,126.9584141,1025.606063,984.2309376,302.6993784,264.5497946,1440.884515,358.7962337,677.5445768,501.3890795,1986.376936,151.5819617,7.183074205,8.496532597,198.7981801,11.73923163,398.0772694,3.858481276,0.0
Northern Cape,Z F Mgcawu,Tsantsabane,30969.17587,19467.49381,9796.934029,186.2321835,1503.200829,1537.756514,347.1150624,775.0270009,234.4740463,462.2320117,97.64085861,276.5149966,1346.871247,376.8132584,37.74537529,92.89361716,407.7221279,93.52907859,72.06616125,5.787721914,0.0
Northern Cape,Z F Mgcawu,Kgatelopele,19853.50952,9464.154838,7945.161943,133.7422626,2296.968657,478.157426,249.9862924,20.34390048,80.03906799,70.01045803,184.4999571,252.9930942,47.39099765,14.39409218,3.940375175,6.567291958,127.1369859,60.69189113,69.02293452,0.0,0.0
Northern Cape,Z F Mgcawu,Dawid Kruiper,125743.5259,24790.98096,88908.89882,867.6426942,10643.71246,8467.857386,1430.086022,1150.011932,2138.163657,3535.341627,20.93344037,6504.866328,680.4759876,475.9815573,128.9977925,109.0213034,1567.743263,92.87839638,1208.681068,15.7615007,0.0
Northern Cape,Francis Baard,Frances Baard,434342.6845,291162.3093,101814.9801,4509.540378,36116.34424,13452.15473,9558.164415,3511.804524,7177.857811,3868.368831,1527.123752,2495.584959,14433.16859,8458.143725,398.2604809,1408.792498,4874.275393,2955.877662,1988.422019,25.35800273,5.253833567
Northern Cape,Francis Baard,Sol Plaatje,270078.3861,167312.9452,75401.36043,3425.55436,23471.39535,8997.830644,4455.41899,1676.512206,2529.993167,3291.528512,679.1824074,1866.284926,3696.863813,4316.310782,346.0173621,1105.71788,2882.784769,1977.45689,744.0147019,15.06382456,3.940375175
Northern Cape,Francis Baard,Dikgatlong,56966.63559,37981.81765,15717.22074,385.7593802,2684.681144,1759.18974,990.0575872,950.0421275,1161.694632,359.5220664,45.43633501,237.7077953,5365.64557,1750.404417,27.68953665,220.6468071,1065.690086,500.568373,581.6559663,0.0,0.0
Northern Cape,Francis Baard,Magareng,26816.16587,19927.28493,3800.158292,298.3057222,2783.510155,646.34492,1481.741365,320.156272,645.0346177,78.93192235,48.1065971,137.6674494,794.7584417,267.2509918,7.183074205,11.73923163,210.5641203,44.82055276,192.9560932,2.626916783,1.313458392
Northern Cape,Francis Baard,Phokwane,80481.49695,65940.26154,6896.240666,399.9209149,7176.757588,2048.78943,2630.946473,565.0939188,2841.135395,138.3863303,754.3984122,253.9247888,4575.900764,2124.177535,17.3705079,70.68857956,715.2364178,433.031846,469.7952579,7.667261391,0.0
Free State,Xhariep,Xhariep,131900.7756,97821.2161,19747.03213,694.9782585,13324.85058,2938.93828,1788.812143,1251.6445,1485.732462,1048.927972,1326.691259,598.7682031,6624.786953,1927.516402,76.07145291,436.030809,1373.659658,1146.30155,649.557115,16.33184477,1.189100236
Free State,Xhariep,Letsemeng,43101.12595,28744.95551,9992.650856,250.3015376,3961.021929,1585.989347,599.5588386,432.9562716,874.9750995,472.8112642,546.7390164,161.1889319,1379.00046,1114.895565,30.46106209,172.538415,753.3087444,343.0878468,445.65148,6.97682215,0.0
Free State,Xhariep,Kopanong,51831.96427,35906.98707,9038.779782,346.6241251,6416.154573,663.4674741,588.4761203,565.3008547,133.2753833,61.65105503,290.5162834,233.4084877,3035.067812,212.5090057,20.50588457,64.95155312,241.1254503,257.4263106,69.23461627,2.378200471,0.0
Free State,Xhariep,Mohokare,36967.68539,33169.27353,715.6014931,98.05259586,2947.674075,689.4814589,600.7771841,253.3873735,477.4819796,514.4656525,489.4359592,204.1707835,2210.718682,600.1118316,25.10450625,198.5408409,379.2254633,545.7873927,134.6710187,6.97682215,1.189100236
Free State,Lejweleputswa,Lejweleputswa,679746.3779,606131.0675,12680.65845,2903.148799,57012.71559,20607.80633,9324.126164,3759.057576,14933.39541,5966.222061,3762.422433,5600.472706,29221.81554,16651.62119,282.7836935,2721.837073,5478.396104,6960.981312,773.5203389,56.91903204,23.62422545
Free State,Lejweleputswa,Masilonyana,63800.06197,56932.35097,492.3580954,173.1357592,6069.723318,1315.699728,319.7704515,487.6401199,466.1848499,854.1231882,74.28219778,616.2670523,2344.813912,247.3054621,24.94672699,262.3032938,708.5771876,796.1558806,107.2126899,3.118340874,1.189100236
Free State,Lejweleputswa,Tokologo,29455.41922,25345.1489,1377.808038,231.9652396,2431.605392,1124.986139,628.1942857,114.1439131,1828.267743,583.7448775,512.2277827,205.8986673,1728.402322,1859.846222,10.56191661,95.00504907,227.0803571,264.1425272,64.98757762,2.378200471,1.929240638
Free State,Lejweleputswa,Tswelopele,56895.96892,52108.06514,286.6003497,197.2294832,4192.420963,1983.552595,276.3043391,101.1491223,1614.177067,243.4280802,85.04436734,888.4699047,1685.38697,230.6994256,15.3005238,76.4880985,447.4799829,334.8742976,89.69174493,0.0,1.929240638
Free State,Lejweleputswa,Matjhabeng,439033.7849,386796.3463,10053.15079,2049.670209,39529.47452,13986.92722,6871.479646,2848.080635,9943.329755,3082.343477,2906.77695,3362.981032,19428.61239,12218.39933,136.8799284,1920.924217,3199.421035,4616.782019,287.5438769,16.93858387,5.496541345
Free State,Lejweleputswa,Nala,90561.14291,84949.15624,470.7411809,251.1481076,4789.491399,2196.640646,1228.377442,208.0437853,1081.435998,1202.582438,184.0911349,526.8560497,4034.599944,2095.370754,95.09459773,367.1164142,895.8375411,949.0265881,224.0844495,34.48390683,13.08010259
Free State,Thabo Mofutsanyane,Thabo Mofutsanyane,831420.949,777685.4106,6283.186005,4562.820679,41283.16202,25081.90054,9109.843023,11571.88199,62385.01735,11389.66193,6633.576471,5371.636844,77256.31905,19024.44404,331.5460894,1490.328948,10830.98852,4756.830395,9491.390385,1062.484651,87.83245163
Free State,Thabo Mofutsanyane,Setsoto,127918.4925,117033.2576,1138.573184,1490.221859,8107.444734,5451.908387,1092.837759,1291.686134,1679.974785,5230.258466,392.1844562,1972.273677,4650.888907,1539.407042,57.50139318,395.8244195,2044.940354,1529.05859,1057.517725,10.54412286,8.165922385
Free State,Thabo Mofutsanyane,Dihlabeng,130434.2678,114570.3074,1715.308997,705.5081181,12688.59978,5283.050464,1629.346035,778.9631404,2546.945694,594.8977607,1073.842989,1773.723594,2993.561478,925.3905193,53.03617281,297.1221426,1958.445342,672.2741176,2110.548201,47.9885913,8.165922385
Free State,Thabo Mofutsanyane,Nketoana,66487.59305,60121.66768,166.4401877,192.2669473,5914.077099,2790.106531,1397.065579,911.2933346,1648.040012,1646.685775,714.1141296,731.7887631,4079.789273,1778.050052,54.57997205,147.5053634,1306.475738,202.376274,1441.723136,111.1443051,5.047581512
Free State,Thabo Mofutsanyane,Maluti-a-Phofung,398459.3814,390083.2289,931.5330346,1099.712697,5881.408091,8806.184541,3520.057181,6713.007229,53555.99041,3226.735987,3978.771466,444.896417,60809.95095,12683.23244,108.8364463,438.5393286,2950.886983,1701.105534,2362.096675,193.7629611,19.66011849
Free State,Thabo Mofutsanyane,Phumelela,52224.36272,47610.0338,122.4545672,369.2613859,4077.827629,1764.788545,787.3249247,1216.560435,2264.790247,293.4256609,398.9572141,165.1010741,2417.514083,1100.483241,31.341188,90.82548279,1969.05866,239.7054369,2092.352124,697.8555705,43.67456599
Free State,Thabo Mofutsanyane,Mantsopa,55896.85154,48266.91527,2208.876034,705.8496705,4613.804687,985.8620708,683.211545,660.3717185,689.2762068,397.6582814,75.70621714,283.8533184,2304.614358,997.880739,26.25091711,120.5122115,601.1814479,412.3104424,427.1525238,1.189100236,3.118340874
Free State,Fezile Dabi,Fezile Dabi,509912.4828,436882.1255,9046.643446,1559.263384,61424.35136,13790.33498,5768.647107,2517.478768,9666.724196,4097.755549,2142.412179,7536.315843,8506.189907,4166.601419,273.3166163,1201.859962,4903.291135,3814.045226,1604.525949,447.4134906,58.74349063
Free State,Fezile Dabi,Moqhaka,155409.7247,133145.0852,4519.148143,473.3998013,16866.51315,3357.490665,902.4018673,618.2763897,2159.784482,582.9408909,95.06609452,2239.573297,1736.595081,644.6943999,48.14637056,117.7190758,723.4447904,778.9142765,276.1936374,11.97622849,22.0391626
Free State,Fezile Dabi,Ngwathe,134961.7978,112591.987,3316.69595,457.3880785,18349.51532,2717.806742,1409.421825,575.7431416,1899.749253,1545.441909,99.07114551,1264.600817,1552.511308,986.3851657,62.41557339,164.6359029,1136.529583,839.7278188,432.8277754,62.57335265,22.14394464
Free State,Fezile Dabi,Metsimaholo,158391.2549,134711.5156,901.4468403,556.6569274,21936.3233,5363.762791,3072.794462,806.912688,5464.248054,1514.194042,1154.645612,3616.035123,2809.779788,1921.572161,135.5330489,896.9063940999999,2733.55852,2145.154552,251.5704295,42.94100978,8.614882218
Free State,Fezile Dabi,Mafube,61149.70542,56433.53768,309.3525119,71.81857699,4271.999593,2351.274783,384.0289531,516.5465491,142.9424071,455.1787074,793.6293277,416.1066062,2407.30373,613.9496917,27.22162349,22.5985896,309.758242,50.24857805,643.9341071,329.9228996,5.945501178
KwaZulu-Natal,Ugu,Ugu,773401.6639,675266.7727,7533.666824,41925.51571,47509.47099,5626.936386,47729.39394,29347.28807,80380.54343,3279.229622,1852.680188,2550.941977,101622.3909,6138.212539,345.7864605,689.5272088,5401.075508,1601.316965,14154.86974,89.74239518,24.35698723
KwaZulu-Natal,Ugu,Umdoni,156442.8815,123357.8309,895.678813,20778.0028,11154.73318,2346.072049,5992.88055,8337.878389,11851.65873,1806.738775,390.5368433,1696.20386,15636.73827,2346.966667,105.4708149,364.684685,2513.840986,400.1102451,3802.842797,13.91827841,9.278852276
KwaZulu-Natal,Ugu,Umzumbe,139044.8091,138602.1373,207.9933291,124.4081135,72.44282469,215.885766,7061.01687,7753.833339,15945.31897,337.5862276,430.8913226,30.1562699,22401.87852,1035.155458,124.1257678,104.3870881,1059.075728,199.4953239,4735.303229,20.87741762,1.159856535
KwaZulu-Natal,Ugu,uMuziwabantu,115779.5276,112872.1268,1600.528649,626.5311475,524.4980978,142.6775885,10382.60323,5774.085575,15083.63701,22.96616981,171.5225349,163.1920564,16123.44914,336.6361107,41.86143443,50.88511708,648.9478335,259.1562402,3546.865486,8.538577589,11.59856535
KwaZulu-Natal,Ugu,Ray Nkonyeni,362134.4457,300434.6778,4829.466032,20396.57365,35757.79689,2922.300982,24292.89329,7481.490769,37499.92872,1111.938449,859.7294867,661.3897915,47460.32493,2419.454303,74.32844336,169.5703187,1179.2109600000001,742.5551555,2069.858233,46.40812155,2.319713069
KwaZulu-Natal,Umgungundlovu,Umgungundlovu,1235715.49,1003060.931,28016.95135,126617.8674,74039.07526,13184.32158,20417.03662,20558.82209,104399.2873,1553.013592,7157.610727,5884.790554,113394.9512,14287.4044,616.6032514,1042.63681,5447.699817,3408.821626,7170.696049,117.3067342,14.35227468
KwaZulu-Natal,Umgungundlovu,uMshwathi,118477.8335,112079.5075,358.0059512,2487.588494,3307.473074,489.3169296,3077.069226,3879.021034,13507.19792,235.8873499,404.7824265,772.4309817,15160.27104,1218.77648,53.09451422,125.0974446,963.0336656,348.3420946,2061.129461,36.38699341,1.159856535
KwaZulu-Natal,Umgungundlovu,uMngeni,105068.5942,70088.33946,2364.724549,8003.367996,24012.92787,1771.147101,1213.723759,1619.418821,3001.424361,441.9671785,474.6997667,422.3552821,3242.215555,985.7543663,50.57563587,317.1328608,984.3914727,828.6708254,345.7921764,10.90823814,0.0
KwaZulu-Natal,Umgungundlovu,Mpofana,33382.36369,29968.0997,195.6349852,1172.322364,1975.394595,85.9816201,476.2107856,1171.42381,1237.334764,52.92697276,70.24873014,137.4472297,1769.287233,50.34332118,4.839925666,6.728178329,265.7312814,22.31137567,1451.829633,4.441462467,0.0
KwaZulu-Natal,Umgungundlovu,Impendle,36647.72446,35851.71882,72.40799841,74.24264454,625.7176523,53.68584981,1649.839749,873.4329568,5109.353671,23.72756315,131.4317903,24.72243365,5979.164305,109.0831464,9.776287527,4.606428932,182.8309972,20.23611499,959.0055644,4.606428932,1.159856535
KwaZulu-Natal,Umgungundlovu,The Msunduzi,817725.0721,635993.9887,24213.65785,113400.1541,41243.99153,10268.03981,9558.885413,9092.329677,65569.56064,751.9445213,5485.333724,4306.399687,68247.48553,11442.32056,456.1940706,507.8769078,2589.469234,1951.106728,846.8790797,38.95933427,10.87270507
KwaZulu-Natal,Umgungundlovu,Mkhambathini,61660.24583,59009.1037,196.07966,579.8817007,1792.751116,287.8438311,1424.15961,3000.66595,7493.735097,30.51997812,137.566058,150.7382054,9918.779642,367.1078472,32.67646293,60.87846618,235.545852,152.9393122,655.9858483,20.28099075,0.0
KwaZulu-Natal,Umgungundlovu,Richmond,62753.65635,60070.1733,616.4403529,900.3100916,1080.819421,228.3064333,3017.148079,922.5298383,8480.680845,16.04002781,453.5482312,70.6967354,9077.747897,114.0186765,9.446354598,20.31652381,226.6973148,85.21517462,850.074286,1.723286199,1.159856535
KwaZulu-Natal,Uthukela,Uthukela,789091.8223,740525.3869,6758.684438,27858.76684,12484.47997,2514.990614,26533.1636,28757.07073,71856.82405,1367.859495,2805.775323,951.1339234,75799.06239,9697.050246,340.7104698,568.8541237,6591.904642,2870.026533,22308.0749,367.6401222,123.9777125
KwaZulu-Natal,Uthukela,Okhahlamba,143132.4789,139999.8035,314.126102,360.1376453,2279.862202,739.7147626,6197.262485,7721.087775,17500.23945,323.9342474,440.4817404,109.874129,19602.51982,1256.141568,44.40955296,102.2915095,1096.458146,563.7449438,4753.957473,27.60559595,20.14900193
KwaZulu-Natal,Uthukela,Inkosi Langalibalele,230923.8194,218674.8283,2183.911232,7939.347175,1829.727951,668.3095721,8724.685091,9567.0248,23363.44809,343.1979608,1244.883227,277.4062355,26110.31935,3418.033668,129.4148658,219.6830977,3071.780116,813.3490303,9902.249787,40.32167792,39.10770553
KwaZulu-Natal,Uthukela,Alfred Duma,415035.524,381850.7551,4260.647104,19559.28202,8374.889814,1106.966279,11611.21603,11468.95816,30993.13652,700.7272868,1120.410355,563.853559,30086.22322,5022.875009,166.886051,246.8795165,2423.666381,1492.932558,7651.867637,299.7128483,64.72100506
KwaZulu-Natal,Umzinyathi,Umzinyathi,649260.9874,617972.8474,4592.816617,14272.65355,11345.74674,1726.577942,19548.85871,43482.61885,57207.28095,2094.377774,1330.079505,1017.25147,65879.52462,12739.11449,709.0803835,426.7864371,8273.209022,2296.087357,20654.80447,980.1984888,314.5224407
KwaZulu-Natal,Umzinyathi,Endumeni,100085.3324,80322.74048,3119.577123,8296.017889,7908.897715,542.4640438,890.2445489,2176.699603,3143.055544,206.124574,262.8940465,632.5788604,3466.884103,477.8686956,69.25384007,104.6637335,1670.824275,962.7731471,1425.163579,293.1391922,32.65618414
KwaZulu-Natal,Umzinyathi,Nqutu,201132.553,200206.7149,330.8525819,276.6343167,125.3065655,315.7025956,7242.332457,10158.27406,19802.99242,606.7038566,435.2706564,69.46449453,22357.89313,2717.995175,417.816828,137.7423879,1435.204377,522.8085022,3945.719003,56.46029152,265.6282651
KwaZulu-Natal,Umzinyathi,Msinga,206001.276,205041.7781,283.45983,246.6108536,304.1007014,75.04160478,6982.237329,20599.81566,23292.4267,519.8500143,253.8131532,62.56625845,22994.68963,7750.644182,161.1870611,106.595931,2988.791358,266.7415107,9340.26934,601.9325442,16.23799148
KwaZulu-Natal,Umzinyathi,Umvoti,142041.8259,132401.6139,858.9270816,5453.390489,3007.441761,793.3696982,4434.044378,10547.82954,10968.80629,761.6993287,378.1016487,252.6418571,17060.05776,1792.606441,60.82265433,77.78438468,2178.389012,543.7641971,5943.652544,28.66646087,0.0
KwaZulu-Natal,Amajuba,Amajuba,687407.9058,634501.5298,5626.501472,20326.28422,25178.92595,2606.435043,7758.109084,7658.989464,43312.39657,1331.820124,1716.837303,1784.756867,45014.99045,4958.168359,175.924299,402.9904835,5950.887664,2301.813161,5134.624703,2103.409938,181.3952506
KwaZulu-Natal,Amajuba,Newcastle,507710.2764,461500.1176,4468.164767,18422.70341,21776.20633,1958.39658,2766.183895,2057.712257,22269.45608,1096.199268,1324.780975,1599.801602,23175.85323,3460.189745,115.7505549,288.8575888,2905.607106,1632.161469,1866.724632,253.1887698,13.59088134
KwaZulu-Natal,Amajuba,Emadlangeni,36947.63547,33718.23164,671.2779805,81.38367637,2447.397032,372.4718069,761.0144792,1942.701264,3699.105082,18.62621525,93.06930894,146.3449944,3873.131397,443.7500293,22.90271126,37.41486112,1905.447228,111.5703313,2580.755931,99.96534913,27.63857359
KwaZulu-Natal,Amajuba,Dannhauser,142749.994,139283.1806,487.0587252,1822.197132,955.3225888,275.5666559,4230.91071,3658.575943,17343.83541,216.9946407,298.9870186,38.61027028,17966.00582,1054.228585,37.27103287,76.7180336,1139.833329,558.0813599,687.1441405,1750.255819,140.1657957
KwaZulu-Natal,Zululand,Zululand,942794.2149,926346.2778,2491.026917,1915.794699,11020.89836,2900.571722,14456.79578,37870.1995,68385.19675,2917.702576,2416.536509,1112.191261,81999.65635,13844.55943,363.3964351,353.5955078,7326.847519,1760.690725,20962.64774,426.9950085,41.92233756
KwaZulu-Natal,Zululand,eDumbe,96735.25216,94561.38437,167.2062294,181.9946607,1785.668046,72.34283826,1719.916875,2619.755223,10798.84515,150.6302236,333.8408951,81.27198726,8163.591697,1718.101602,25.55237682,30.26031366,1116.954144,143.7701103,6424.877847,12.9259242,1.159856535
KwaZulu-Natal,Zululand,uPhongolo,151540.5943,148932.5966,308.8522114,307.2863739,1746.634453,407.5403571,2253.237698,5771.043185,14045.26724,190.295907,447.7423602,153.0274767,15828.26695,1535.335538,37.31844449,12.58157686,780.9249058,65.94294865,2753.728481,49.27740411,2.718176268
KwaZulu-Natal,Zululand,Abaqulusi,247262.8573,237206.7086,1383.981173,1040.931097,7199.750283,1706.815828,3912.825848,7849.245932,16245.19076,1215.571685,560.421005,460.1961768,18343.8235,3336.399255,197.1537141,219.8271569,3907.768944,1197.451563,5899.638687,256.8894894,22.56770661
KwaZulu-Natal,Zululand,Nongoma,225278.4077,224571.4258,281.6658195,224.5704285,103.2675823,300.0754454,4664.055828,14171.1648,14413.46559,585.5526035,709.1342724,167.4381382,20898.15053,4770.634031,52.99047045,49.5320195,904.1412463,171.0250916,2821.266964,82.74827715,10.83717201
KwaZulu-Natal,Zululand,Ulundi,221977.1035,221074.1624,349.321483,161.0121396,185.5779965,413.7972529,1906.759535,7458.990361,12882.42801,775.6521576,365.3979766,250.2574815,18765.82368,2484.089003,50.38142923,41.39444096,617.0582786,182.5010108,3063.135765,25.15391362,4.639426138
KwaZulu-Natal,Umkhanyakude,Umkhanyakude,738436.5641,729539.3808,1667.947033,1707.964106,4643.213782,2209.363037,11004.13278,53448.66539,63906.84284,2508.538338,2805.686841,1471.748242,84054.55118,10160.76163,798.6227862,260.1210733,10397.22065,305.9096677,23546.32168,118.3975317,13.68731754
KwaZulu-Natal,Umkhanyakude,Umhlabuyalingana,191659.7166,190218.291,331.4117001,230.5182066,700.7232302,407.8874141,3754.624433,12015.10778,17477.99393,382.3329328,787.3979015,118.8382761,23897.59194,1625.896315,249.8690869,116.7918004,5755.618315,93.65142401,8982.231864,55.50812762,3.446572397
KwaZulu-Natal,Umkhanyakude,Jozini,199152.9522,197666.087,270.5876015,369.8165574,541.2412127,964.6441559,2066.184491,16109.38878,19131.92943,667.5818076,780.7021915,629.8673515,22627.40887,3788.544894,196.4353362,27.63859316,3251.564998,38.27526564,7507.68436,24.41363894,1.159856535
KwaZulu-Natal,Umkhanyakude,Mtubatuba,215869.2178,212038.6685,802.1451524,850.4495313,2012.628179,651.1856255,3439.230999,13398.15235,15023.82349,975.4333197,590.4215815,499.5698545,22583.59447,1869.51586,149.3079561,51.99558038,641.8101238,92.26060659,2898.553563,19.91806062,7.92103207
KwaZulu-Natal,Umkhanyakude,Big Five Hlabisa,131754.6774,129616.3343,263.8025794,257.1798111,1388.62116,185.6458418,1744.092852,11926.01648,12273.09598,483.1902781,647.1651665,223.4727603,14945.9559,2876.804558,203.010407,63.69509939,748.2272148,81.72237149,4157.851889,18.55770455,1.159856535
KwaZulu-Natal,King Cetshwayo,King Cetshwayo,1021343.561,956640.719,5713.349481,19410.19812,37493.62691,2188.969506,17455.97589,28752.41463,79593.3189,1722.971904,5937.074871,7928.496034,95174.14758,10034.26836,450.9400137,162.1966316,3147.707766,520.1790404,17494.68214,112.1456896,6.197745872
KwaZulu-Natal,King Cetshwayo,Mfolozi,159667.9583,157670.3571,342.1064026,231.6451797,1107.997046,577.6963352,3333.186633,7832.961319,15040.01071,300.6325092,632.7318102,470.884495,20069.44804,767.777243,52.59200725,12.75842188,348.9208348,47.55411792,2072.683903,10.43870881,1.159856535
KwaZulu-Natal,King Cetshwayo,uMhlathuze,412074.9699,361147.432,3616.027159,15285.16436,30968.07773,777.7088419,2845.523763,4252.378991,28641.65419,152.9271221,4055.73071,6764.732221,29215.00763,2505.291579,145.3247067,41.99086783,498.279875,92.3759112,1139.917095,27.11069656,2.718176268
KwaZulu-Natal,King Cetshwayo,uMlalazi,241416.0854,231059.7305,1297.350614,3633.50462,4998.489009,572.9975074,6714.585632,10405.76863,20879.42149,536.6325692,560.4707228,522.9532257,27299.36193,2936.253985,99.50265534,51.03622338,1275.980219,194.8832576,6825.012857,21.44084729,2.319713069
KwaZulu-Natal,King Cetshwayo,Mthonjaneni,99288.75151,98404.30348,300.0237752,128.572976,384.2302885,117.7376031,3088.277159,2924.108694,4525.956588,564.6005056,403.9556577,136.6176507,7807.084567,1387.20687,97.84753075,29.66644222,436.8258534,102.1556575,2503.221195,46.19629771,0.0
KwaZulu-Natal,King Cetshwayo,Nkandla,108895.7958,108358.896,157.8415294,131.3109798,34.83283666,142.8292188,1474.402702,3337.196997,10506.27592,168.1791975,284.1859696,33.30844243,10783.24541,2437.738686,55.67311366,26.74467632,587.7009842,83.21009629,4953.847091,6.959139207,0.0
KwaZulu-Natal,iLembe,iLembe,782660.8143,679059.4029,5205.646859,65656.49576,30318.90023,5211.579569,32862.13906,33264.56069,75118.34004,2323.811858,4843.829343,4129.611112,69507.91641,9958.631933,435.4759922,265.6197946,2873.425014,780.0068934,11935.11605,116.8445026,9.281388133
KwaZulu-Natal,iLembe,Mandeni,180939.4929,172211.4439,1082.713851,4344.408429,2063.169304,1207.878169,5881.05846,7144.972943,16531.98824,1168.778369,1003.978515,2240.443978,18574.18056,1646.785625,30.82320865,34.56473516,558.9939006,100.0801308,1261.348079,11.59856535,0.0
KwaZulu-Natal,iLembe,KwaDukuza,324911.6495,231939.1439,3618.219424,60377.01913,27935.46465,3534.569097,22257.79737,3938.842927,30506.29041,325.4558942,3046.714284,1679.677218,15728.92391,3527.902528,165.0955518,130.8759567,770.9800585,393.7754202,860.4201004,25.82414181,6.563211865
KwaZulu-Natal,iLembe,Ndwedwe,165826.3042,164402.3023,315.6075155,828.5494075,196.9328645,295.1445833,2574.421617,13804.64995,14818.13471,642.7984561,523.4863992,123.6605313,20170.81533,3233.152238,49.27740411,72.34254598,858.4316978,205.557812,5500.99054,34.18739061,1.558319734
KwaZulu-Natal,iLembe,Maphumulo,110983.3678,110506.5127,189.1060688,106.5187983,123.3334093,173.9877203,2148.861614,8376.094872,13261.92668,186.7791394,269.6501457,85.82938355,15033.99661,1550.791543,190.2798276,27.83655683,685.0193571,80.59353055,4312.357332,45.23440485,1.159856535
KwaZulu-Natal,Harry Gwala,Harry Gwala,563893.1027,542326.8528,11043.65813,1944.057144,7011.602946,3212.576164,23667.89842,32884.57779,54669.4252,829.2676922,2650.751935,3422.904742,59698.27278,6021.149881,445.2337022,697.7666666,3838.039786,2118.43418,23581.63549,66.89940616,12.56045821
KwaZulu-Natal,Harry Gwala,Greater Kokstad,81676.11749,71007.6636,7766.631822,686.9472703,2068.218386,1134.928241,2579.38051,844.2066051,2186.318154,267.4961617,435.4842417,834.0447713,2421.75105,423.7356131,63.19752207,341.061992,810.1600269,817.5760352,1076.6366,7.956565134,1.558319734
KwaZulu-Natal,Harry Gwala,Ubuhlebezwe,133031.883,128897.3435,1921.145712,742.9361127,925.9662908,1087.309033,7321.292076,8656.551124,15915.79224,130.7274173,1051.927283,315.7428134,17378.34712,1901.161092,168.1702039,189.6137852,1384.136954,803.1373797,6795.253481,27.63859316,2.883142733
KwaZulu-Natal,Harry Gwala,Umzimkhulu,220619.7022,218609.0987,890.5423052,265.3181714,163.1447306,263.9084972,9161.439856,15250.72393,22653.94056,290.3949476,614.0463085,1205.205355,23972.33759,3343.854565,174.9423547,88.197833,984.8431369,372.1536366,7632.060256,16.8225398,3.479569604
KwaZulu-Natal,Harry Gwala,Dr Nkosazana Dlamini Zuma,128565.4,123812.747,465.3382934,248.8555893,3854.273539,726.430392,4605.785974,8133.096124,13913.37424,140.6491656,549.2941015,1067.911802,15925.83703,352.3986106,38.9236216,78.89305641,658.8996688,125.5671283,8077.685149,14.48170808,4.639426138
North West,Bojanala,Bojanala Rustenburg,1624427.82,1549267.182,10905.50936,1321.021071,59560.5226,78262.07935,52371.81171,69368.84742,222719.551,2951.33945,8588.448778,35225.60761,144954.8299,22211.12989,975.2182937,5037.326516,21205.84222,19970.59187,17447.87408,125.5027531,38.95225515
North West,Bojanala,Moretele,219119.5422,217925.1555,556.0761357,91.29230715,329.5567734,4495.32359,6807.523548,15861.21164,45590.97466,236.5190622,484.6282232,6990.799227,27522.78428,2975.948964,51.10896222,149.9479574,988.2415293,662.3071923,4719.151017,10.96716969,4.826855648
North West,Bojanala,Local Municipality of Madibeng,522565.82,491049.429,4522.080915,376.2578853,25815.64187,38632.94722,18410.57234,31804.59657,76600.32676,1006.927212,3475.218935,4628.887544,66978.60626,12265.3907,366.1007321,1741.208536,10549.47318,9759.515448,4405.686309,60.04981521,5.171939668
North West,Bojanala,Rustenburg,562315.2596,528255.1495,4419.838901,618.497631,27297.4892,27060.19348,9690.961742,8449.346317,48806.6627,1083.77764,3588.095753,7024.664494,29245.7384,4726.462282,504.8388015,2806.073432,7016.981508,8504.638442,1877.143666,34.39593178,13.02783944
North West,Bojanala,Kgetlengrivier,54759.45688,48329.97202,564.1140346,42.95468062,5480.616149,1437.968948,1103.441876,211.1221598,1086.246893,36.36736547,213.9330861,1064.843822,2018.844971,869.6613253,8.414638698,45.35444111,666.6553524,247.1222649,603.377063,3.24269903,3.858481276
North West,Bojanala,Moses Kotane,265667.7411,263707.4757,843.3993725,192.0185668,637.2186152,6635.646116,16359.3122,13042.57073,50635.33996,587.7481712,826.5727811,15516.41253,19188.85594,1373.666611,44.75515922,294.7421493,1984.490645,797.0085186,5842.516021,16.84713739,12.06713912
North West,Ngaka Modiri Molema,Ngaka Modiri Molema,937723.4771,903369.3819,11671.94117,646.040628,20683.16958,18629.81745,57200.06077,34197.83684,121490.273,2077.300947,5779.317319,1603.792445,149467.1516,15315.61368,222.0672021,1091.997655,11556.45191,5844.825282,17750.8151,94.45269884,185.4507813
North West,Ngaka Modiri Molema,Ratlou,128766.4796,127512.7212,663.7126621,62.54197104,439.2428777,912.0369707,13581.01299,6632.255545,21448.32767,266.2927347,277.4383568,51.15866338,23743.81781,1098.054727,9.627972566,127.7381053,1889.123445,639.7767353,4585.853288,19.28168386,114.5652255
North West,Ngaka Modiri Molema,Tswaing,128671.6678,123254.2425,1008.715039,63.55092186,4153.858309,4772.065435,8101.391884,3820.477532,13522.02638,491.7531498,299.4766822,732.5403458,16724.02798,4085.994566,36.48161806,269.4745104,2044.923623,1560.987901,980.9324434,9.596502029,13.61893705
North West,Ngaka Modiri Molema,Mafikeng,354504.3428,345114.6519,6172.907475,315.123567,2443.49791,5851.681381,18170.99423,15457.48462,47957.35083,517.1791565,2198.086294,450.0999798,60009.33645,3110.719038,101.491469,261.5633785,2405.96984,1388.874505,2923.592141,10.86042521,30.48808124
North West,Ngaka Modiri Molema,Ditsobotla,164176.4062,150600.2815,2572.425235,97.12425579,10642.16718,3211.507876,6670.00397,2960.650442,12277.97302,596.5928227,2745.229586,227.5775173,20342.31814,5756.233317,40.04471648,275.191632,2534.019082,1768.887817,1226.440145,40.71770799,21.22915512
North West,Ngaka Modiri Molema,Ramotshere Moiloa,161604.5807,156887.4848,1254.180759,107.6999123,3004.403309,3882.525787,10676.6577,5326.968704,26284.59506,205.4830833,259.0864006,142.4159384,28647.6512,1264.612028,34.421426,158.0300282,2682.415921,486.2983233,8033.997079,13.99637976,5.549382374
North West,Dr Ruth Segomotsi Mompati,Dr Ruth Segomotsi Mompati,508192.236,483299.3756,13539.04432,230.6255003,10389.19186,5094.754369,50817.0722,6926.901585,63023.29741,1605.222649,2030.018112,2476.819941,65606.35637,7966.432997,290.2770987,432.5795316,4803.975888,2064.741216,8989.347827,90.94401339,27.86116445
North West,Dr Ruth Segomotsi Mompati,Naledi,63755.01849,52562.6258,7312.080677,42.30786138,3671.229121,1207.478425,2036.282069,273.6141831,2155.231385,116.1607518,360.1189286,259.6552921,3805.29491,950.6151936,43.85316469,120.2100836,651.0870551,469.0042141,403.2395318,4.966184562,0.0
North West,Dr Ruth Segomotsi Mompati,Mamusa,70483.46035,67220.13864,1020.333182,19.60499094,2124.157822,1123.41508,2354.880151,1684.371573,4984.134344,115.5843385,452.5450373,79.95717409,3696.594293,2480.88813,19.70187588,66.10006345,821.7696743,690.2651167,248.9475007,1.313458392,0.0
North West,Dr Ruth Segomotsi Mompati,Greater Taung,202009.254,200206.082,1162.143941,95.60057293,351.7053539,1599.529924,31591.13751,2659.889626,35145.28935,1191.013922,505.9628231,919.9238864,36307.71098,3445.195513,188.328376,132.9261824,1231.075738,447.105606,2931.771939,68.8703451,9.760455775
North West,Dr Ruth Segomotsi Mompati,Lekwa-Teemane,59814.79952,53414.81801,2873.330994,23.15855812,3357.854788,581.8326583,355.1676541,452.9365697,212.0006894,43.95990917,31.4411075,1169.990914,515.283579,272.7465307,9.194208742,52.53833567,407.4169628,286.5787907,136.5996727,1.313458392,0.0
North West,Dr Ruth Segomotsi Mompati,Kagisano-Molopo,112129.7036,109895.7111,1171.155531,49.95351692,884.2447744,582.4982815,14479.60481,1856.089634,20526.64164,138.5037279,679.9502158,47.292674,21281.47261,816.9876298,29.19947343,60.80486657,1692.626458,171.7874885,5268.789183,14.48056694,18.10070868
North West,Dr Kenneth Kaunda,Dr Kenneth Kaunda,734203.3758,626587.8006,24603.25361,456.0413765,81253.66809,21787.33141,13973.8115,6410.756353,14485.26903,3141.689541,2572.40798,4906.85923,23140.0902,11747.84895,321.355493,5004.034079,9773.455136,15539.22003,1561.002513,68.31751074,20.04712584
North West,Dr Kenneth Kaunda,City of Matlosana,431231.0801,363559.8794,12581.44159,258.3528249,54153.98446,10451.03495,7096.758279,2086.562011,6027.746794,1458.610766,536.3727116,2295.244523,6958.904519,4628.95392,148.5382359,3742.489147,4047.85949,8593.561171,540.3464735,29.07754679,5.253833567
North West,Dr Kenneth Kaunda,Maquassi Hills,90302.12419,84719.98433,1150.92439,50.66339647,4249.161841,1537.683245,1625.480597,1837.109684,532.0763474,510.2010057,1526.723219,1129.930294,7250.294409,2596.81938,22.14015428,119.0782067,1237.698038,919.0253392,398.996635,7.183074205,1.313458392
North West,Dr Kenneth Kaunda,JB Marks,212670.1715,178307.9369,10870.88762,147.0251551,22850.52179,9798.613218,5251.572625,2487.084659,7925.445887,1172.877769,509.312049,1481.684413,8930.891269,4522.075647,150.6771029,1142.466726,4487.897607,6026.633523,621.6594043,32.05688975,13.47983389
Gauteng,Sedibeng,Sedibeng,1190688.062,1051995.985,12258.37083,8834.191177,115237.5455,32078.347,8271.592241,3424.854545,8823.667539,4328.880649,19567.43351,6592.155762,62136.03854,50686.34718,1177.624232,3216.466519,16088.86523,11558.43663,2281.347603,1015.701016,14.0248776
Gauteng,Sedibeng,Emfuleni,945650.3553,859578.3228,9451.219333,6485.456672,68276.62487,28064.84892,6429.812861,2219.301925,6999.359406,3566.231714,18962.58297,2483.5621,59905.88875,49887.05337,988.5194859,2649.112974,13604.5534,9774.777263,1209.255847,639.3969479,10.90823814
Gauteng,Sedibeng,Midvaal,112254.3802,78249.20142,1696.590353,1424.146758,30588.54347,2227.695308,1012.315272,897.6908093,767.4126076,666.8243858,458.0109238,3262.63458,615.8330273,254.7248313,123.2505685,457.745517,1369.004393,1132.952445,393.3412576,27.41623684,1.558319734
Gauteng,Sedibeng,Lesedi,132783.3267,114168.4611,1110.561142,924.587747,16372.37712,1785.802769,829.4641079,307.8618109,1056.895526,95.8245498,146.8396198,845.9590816,1614.316762,544.5689843,65.85417755,109.6080272,1115.307439,650.7069179,678.7504985,348.8878317,1.558319734
Gauteng,West Rand,West Rand,998466.181,853243.9857,28060.51116,12018.9891,102909.8718,40704.63977,15547.24696,4377.181988,16498.25226,6913.307625,6097.428374,11465.55457,20351.97773,13692.14042,959.5204863,3283.363929,10632.7345,11260.92243,1489.507109,132.0615405,4.674959201
Gauteng,West Rand,Mogale City,438216.6819,369233.4201,3482.959337,10012.67026,54654.33796,21495.04771,10421.68828,2308.628488,5986.836857,3701.959299,1921.232435,6655.978155,8678.099033,3806.058858,435.5501855,1258.935748,6158.088537,5642.666277,853.5863634,85.31540961,3.116639468
Gauteng,West Rand,Merafong City,225476.1832,201553.4572,2930.705245,721.5337629,19885.66603,6281.067043,2210.605167,983.664239,2934.094424,992.6427483,1243.126205,1065.691735,4184.673243,6867.311752,54.14901493,355.6821529,872.6266297,1325.334087,137.5070069,9.349918403,1.558319734
Gauteng,West Rand,Rand West City,334773.3159,282457.1084,21646.84658,1284.785079,28369.86784,12928.52502,2914.953515,1084.889261,7577.320983,2218.705578,2933.069734,3743.88468,7489.20545,3018.769805,469.8212859,1668.746028,3602.019329,4292.922064,498.4137383,37.39621252,0.0
Mpumalanga,Gert Sibande,Gert Sibande,1283459.094,1201150.844,8437.950898,10057.44079,63572.06856,30589.59811,24242.28943,22716.62963,72638.47269,4457.764022,6634.80433,7873.866735,85381.61706,18711.28518,3239.305484,2201.812203,21510.49076,5517.831109,48558.2096,15609.9768,286.524299
Mpumalanga,Gert Sibande,Chief Albert Luthuli,247663.5648,243319.8186,685.8360494,961.4450322,2638.544778,1822.681177,3151.680015,7511.042545,31455.26932,328.8764001,1098.340694,917.0976622,36619.78998,2887.168526,1222.533009,63.39129088,945.260551,132.5716656,13245.0133,514.7640534,4.360462217
Mpumalanga,Gert Sibande,Msukaligwa,199314.0784,186218.985,1096.38641,1605.288929,10340.70864,7353.914753,5928.178058,4301.439555,9866.89543,1238.011527,791.6603607,953.9824121,9503.949289,5234.555465,502.4068923,335.3513666,6540.218291,429.9287623,9419.317644,8622.229996,35.42881145
Mpumalanga,Gert Sibande,Mkhondo,255411.3018,248859.9953,998.597595,1054.260702,4462.747511,1969.745301,7189.046954,6432.78609,19820.32578,676.5485722,1453.297504,680.9260878,23468.96528,3485.699372,974.0056485,143.7104087,4789.381904,459.73229,20024.7375,127.357962,13.89138103
Mpumalanga,Gert Sibande,Dr Pixley Ka Isaka Seme,115304.2141,107095.3658,641.9959419,1075.472948,6474.151022,1934.865114,949.7853407,1653.367217,4930.10928,282.4998591,215.9830167,789.0370974,6213.951439,1719.817345,181.109842,59.12701686,2107.523579,151.7012871,3527.176995,2901.69724,172.8389377
Mpumalanga,Gert Sibande,Lekwa,119668.9301,105497.4259,2113.230074,1707.716533,10321.45035,3668.515697,1153.814136,1377.284492,1487.140926,433.1242685,1550.192846,797.6901606,3217.938163,2382.111587,51.3223736,257.8233504,1413.398677,554.8396986,1105.230807,803.6515468,26.81138379
Mpumalanga,Gert Sibande,Dipaleseng,35980.35899,32945.23091,178.6327773,118.1671581,2721.912949,1272.577598,860.9365039,379.6953258,820.3379534,166.6307384,187.0018001,746.5511673,441.0904428,476.3238206,29.52280291,101.9091953,1002.213918,310.6744935,722.3516597,343.0969093,5.170456596
Mpumalanga,Gert Sibande,Govan Mbeki,310116.6456,277214.0224,2723.27205,3535.089484,26612.55331,12567.29848,5008.848427,1061.014405,4258.394001,1332.072657,1338.328109,2988.582148,5915.932471,2525.609066,278.4049164,1240.499574,4712.493844,3478.382912,514.3816972,2297.179091,28.02286624
Mpumalanga,Nkangala,Nkangala Witbank,1588968.379,1500232.361,13290.6254,7872.249444,66862.19431,36492.99823,28544.71816,58467.03611,165404.0566,5155.674666,10939.48316,13734.79594,136046.9514,30713.19626,1309.647218,3558.273222,27188.2542,20370.37699,21816.77608,9834.32255,87.01308121
Mpumalanga,Nkangala,Victor Khanye,106148.7775,98196.22317,831.6937924,373.9774552,6735.760311,4505.045088,2614.712887,721.5213799,3815.833165,404.4428373,1010.663881,741.1060186,4187.282458,723.0924253,99.19777613,246.8701737,1938.701142,1626.058166,586.2192008,2340.120353,3.670519926
Mpumalanga,Nkangala,Emalahleni,434521.7258,397516.2082,5631.663208,2742.030625,28215.12268,18489.17947,10604.67178,18713.25311,29592.76893,1463.564456,3792.793876,2061.572173,26710.51034,15912.08732,635.514295,2528.042023,18061.75011,14748.96184,2075.150981,2602.863209,10.56446205
Mpumalanga,Nkangala,Steve Tshwete,242030.6891,208037.7829,4517.06501,2511.500099,26857.1838,6955.368355,6709.244906,3056.575138,7606.021552,1737.201524,484.7394188,2681.558263,5131.545547,1689.808655,136.890909,343.372692,3242.128237,1898.639461,2524.522045,2500.615385,3.670519926
Mpumalanga,Nkangala,Emakhazeni,50164.50223,45474.96357,311.853837,222.4416492,4143.267401,768.2053162,468.0652766,444.5830804,833.2074049,101.436159,111.6804398,323.721021,1811.606,156.2268161,150.7148658,111.6804398,722.8966311,107.680767,1888.99187,1892.287791,0.0
Mpumalanga,Nkangala,Thembisile,431247.6131,428064.0244,1212.692555,1318.496162,567.886026,3055.883789,4026.83377,15725.33731,75139.26931,687.2262527,3411.18236,7424.47724,47823.81161,7538.621341,230.2702173,248.4406286,2100.637312,1541.543491,3413.192536,456.9165058,40.88344442
Mpumalanga,Nkangala,Dr JS Moroka,324855.0712,322943.1591,785.657003,703.803453,342.9740999,2719.316211,4121.189544,19805.76609,48416.9562,761.8034377,2128.423187,502.3612278,50382.19544,4693.359704,57.05915481,79.86726565,1122.140767,447.4932742,11328.69945,41.5193059,28.22413488
Mpumalanga,Ehlanzeni,Ehlanzeni,2270896.786,2196679.712,10371.35902,7951.981387,55296.66816,15345.10272,58700.9025,104356.6207,310374.1159,7392.536977,11373.89036,12083.52367,310013.5026,24959.89466,1669.098545,1428.542497,12348.64399,2902.565523,66010.27486,654.2224831,45.78271436
Mpumalanga,Ehlanzeni,Thaba Chweu,109222.5938,95696.94639,1942.982234,649.5014297,10891.56407,6859.731929,3708.503186,2887.885923,10743.23866,337.080278,254.0595831,1723.692907,10250.92477,2125.637363,58.30528533,421.0777783,4462.418583,1712.787726,4766.554083,70.14613519,1.206713912
Mpumalanga,Ehlanzeni,Nkomazi,591927.7369,579754.8671,1749.798695,1793.883725,8431.385701,3059.588812,11645.49818,27622.90908,85733.06998,1416.98297,3167.876055,6953.818656,73174.85124,8666.22644,1109.870268,366.9148421,3347.543385,330.0125683,16138.36423,398.4618469,16.20405248
Mpumalanga,Ehlanzeni,Bushbuckridge,750820.9848,747021.3295,1787.480295,1029.875071,956.8831511,811.5659014,26939.80116,18770.82019,115154.7497,3102.143802,3100.811324,834.5070725,121133.1228,6189.615272,165.272524,212.8037879,1560.187138,275.7314082,40255.80183,91.68451858,14.0645517
Mpumalanga,Ehlanzeni,City of Mbombela,818925.4706,774206.569,4891.097798,4478.721161,35016.83524,4614.216075,16407.09997,55075.00553,98743.05755,2536.329928,4851.143402,2571.505032,105454.6038,7978.415582,335.650468,427.7460888,2978.49488,584.0338213,4849.554715,93.92998244,14.30739627
Limpopo,Mopani,Mopani,1372872.715,1329411.056,2599.826934,6231.188995,33048.11999,3418.023905,84857.10121,81390.48755,223758.7258,6261.403666,8934.793139,9359.158016,212977.1067,27359.60172,436.7620051,605.85821,5708.881061,514.1401203,149728.4629,197.8366682,20.80753107
Limpopo,Mopani,Greater Giyani,316841.3165,312803.4132,457.8165089,2816.532787,414.5709804,726.2106361,23772.20043,18351.23936,51406.11673,1934.437903,1223.578387,567.9076183,50167.37674,8813.738083,35.9569911,71.90496446,1082.92192,92.14162139,49707.96318,60.16678102,1.180975183
Limpopo,Mopani,Greater Letaba,261038.4297,257350.1743,391.8026182,568.5156235,2386.649082,1130.256663,22871.63439,9800.566186,46414.80787,1530.987323,2357.218982,1314.582971,43355.07807,5542.53857,60.4726848,141.5537189,1138.560615,106.4011172,34424.79223,43.0574176,5.883757266
Limpopo,Mopani,Greater Tzaneen,478253.506,464489.3885,1011.366949,1993.705135,10333.61418,1267.404547,26214.15631,38334.50642,83459.51609,1389.684955,3271.855194,4571.472109,77169.90777,8311.391635,157.7553659,300.4018422,2071.476576,249.60689,36039.44141,47.58791407,12.56182344
Limpopo,Mopani,Ba-Phalaborwa,188602.6072,175850.6349,402.1138866,494.5668968,11600.21517,132.4952725,5325.691578,7813.852982,21935.14352,849.6665905,1072.442653,2135.35952,21605.18177,3005.487242,81.80057144,42.54084531,731.29539,40.43794135,12917.21245,22.22407669,1.180975183
Limpopo,Mopani,Maruleng,128136.8553,118917.4446,336.726971,357.8685535,8313.070571,161.6567864,6673.418502,7090.322601,20543.14155,556.6268954,1009.697923,769.8357977,20679.56236,1686.446194,100.7763919,49.45683924,684.6265594,25.55255045,16639.05367,24.80047884,0.0
Limpopo,Vhembe,Vhembe,1653077.171,1621253.42,3147.664723,11058.18374,16124.88184,6966.043765,96527.33362,93058.79299,271055.9951,7958.636602,6993.035869,11697.226,269922.049,31168.45101,740.187925,660.5569419,9096.529387,1638.98167,220966.7748,321.936655,25.65483424
Limpopo,Vhembe,Musina,130899.2093,126607.2222,368.7281648,736.2988638,2991.33097,2761.911164,11502.43834,4119.845034,14760.43321,1315.41486,1318.709599,3978.936017,14770.53637,2408.331554,42.24237479,131.1930387,2292.029121,79.35793247,16398.44431,45.55534346,5.293470997
Limpopo,Vhembe,Thulamela,575928.5642,568001.6778,713.9064433,6390.442166,473.0239255,792.7249167,31502.69334,25946.27234,94110.07835,2145.565174,1562.049809,3900.295558,83941.52253,9773.093764,393.8088316,162.5724084,1502.449356,146.3200388,70998.93654,123.6757744,12.09453696
Limpopo,Vhembe,Makhado,502451.8125,484732.6874,1480.926646,3368.337583,12118.00649,2663.667297,26199.54567,39718.58368,90986.03249,2459.554992,2775.995338,3109.032206,96779.55343,5998.229422,214.4244393,209.9081512,2970.844904,1233.622017,64688.44015,67.69644263,4.723900731
Limpopo,Vhembe,Collins Chabane,443797.5854,441911.8327,584.1034684,563.1051228,542.5204502,747.7403875,27322.65626,23274.09194,71199.451,2038.101575,1336.281122,708.9622169,74430.4367,12988.79627,89.71227924,156.8833436,2331.206008,179.6816817,68880.95383,85.00909451,3.542925548
Limpopo,Capricorn,Capricorn,1447103.052,1388049.721,7274.45623,10526.78604,38470.69261,11249.88446,54617.26036,54289.15223,228719.4891,5654.839372,6943.228949,8505.468138,214238.6795,19581.12802,1329.602243,1523.69038,10735.91539,6434.246571,71669.55433,124.1198407,63.2315883
Limpopo,Capricorn,Blouberg,192109.2671,190214.9952,301.649147,500.5778688,767.7157931,1174.301567,15272.14712,5195.819107,35863.70592,1087.618171,1044.883034,698.3109235,32757.31059,3313.241606,319.40852,73.18505914,726.9157802,138.0546222,23412.92582,27.1624292,3.542925548
Limpopo,Capricorn,Molemole,127130.3199,124977.9881,207.4740564,319.6882492,1386.127701,392.2429568,5312.452637,7105.070014,25460.86268,1562.352597,870.7194831,540.2394925,27786.74761,2099.320318,382.6674386,166.5427685,767.3064859,249.2697356,5867.750079,6.189661047,15.13822559
Limpopo,Capricorn,Polokwane,843458.9974,790541.6164,6349.469629,8965.114863,35795.47117,8612.548695,25639.34298,27085.51446,120916.3049,1629.032517,4371.241469,6748.151054,107660.2445,9281.319251,556.7307269,1128.367329,7611.686335,5774.041736,22879.59381,57.41566022,42.1884868
Limpopo,Capricorn,Lepelle-Nkumpi,284404.4672,282315.1216,415.8633968,741.4050607,521.3779457,1070.791243,8393.317625,14902.74865,46478.61569,1375.836088,656.3849638,518.7666676,46034.37676,4887.246842,70.79555767,155.5952231,1630.006791,272.8804765,19509.28462,33.35209025,2.361950366
Limpopo,Waterberg,Waterberg,762862.3812,688084.2199,2905.685204,4083.130853,66105.07752,18717.22859,31468.84178,28017.69625,92422.98604,3637.267684,5170.196634,4410.429956,88583.36883,14705.98639,722.5442049,829.9323177,11015.76254,5685.769967,45341.2466,122.5547773,13.06106036
Limpopo,Waterberg,Thabazimbi,65047.1111,49504.24229,327.6303078,285.280971,14795.89867,3965.635412,3479.362874,1712.840815,3603.444668,677.2737885,396.0201959,728.4683751,5462.144109,1166.247513,27.90116485,59.4155886,886.6508711,1308.563357,1456.703394,20.68453127,0.0
Limpopo,Waterberg,Lephalale,125198.0669,115485.2905,410.1359441,429.0895309,8702.109034,4930.736282,7590.244097,5115.398181,20014.53256,463.5635034,1638.604947,1725.295303,15905.69108,3253.279583,86.11600986,212.4001787,2231.338333,1177.691016,10579.17129,13.95725041,1.180975183
Limpopo,Waterberg,Bela-Bela,64306.26671,55471.90182,880.0211638,563.7872283,7195.090041,2453.514639,1029.858688,2029.538625,4154.244446,209.8079567,283.6688001,243.4861785,4508.999486,1366.137031,107.7584198,258.0431986,2374.893408,1548.199209,2108.084196,18.99443496,4.509448944
Limpopo,Waterberg,Mogalakwena,378197.5458,362046.3523,818.4719461,2161.021566,12516.15988,2269.412379,15462.09421,15357.96986,58648.06026,776.3696184,2112.345488,362.6782689,54417.36956,7098.569722,453.8125615,126.2526531,2043.448887,606.4330538,26414.27679,40.50827469,5.904875914
Limpopo,Waterberg,Modimolle-Mookgophong,130113.3908,105576.433,469.4258418,643.9515567,22895.8199,5097.929874,3907.281907,3801.948773,6002.704112,1510.252818,739.5572031,1350.501831,8289.164596,1821.752544,46.95604896,173.8206987,3479.431036,1044.883332,4783.01093,28.41028598,1.465760316
Limpopo,Sekhukhune,Sekhukhune,1336805.273,1314802.753,2481.065504,4058.528433,13774.96003,8946.642864,64431.73593,115403.9719,233157.5369,6143.896904,5673.215088,3478.123516,221418.913,26968.07822,1298.993856,1348.410349,12850.8212,6555.366041,75507.53581,1004.824693,161.4678171
Limpopo,Sekhukhune,Ephraim Mogale,132468.1462,129652.0251,249.5122618,391.5496913,1827.466897,537.911213,2014.023545,12114.73763,23959.89569,627.8075532,429.3848023,312.1541619,21843.50587,2311.613882,210.0694641,59.685211,636.1343738,150.9099611,11776.45889,16.20703278,4.723900731
Limpopo,Sekhukhune,Elias Motsoaledi,288048.6346,279736.1744,504.5975747,1261.043983,6176.806089,2370.398164,10993.00661,29003.98713,47214.00372,1942.97162,1983.444415,659.0940421,45224.05428,6842.731053,300.4562232,262.3770246,2598.538346,1054.429031,9576.336691,853.9864895,56.75714212
Limpopo,Sekhukhune,Makhuduthamaga,340328.1579,338658.0193,456.5769595,517.939145,372.3136089,1368.103001,22615.18624,23616.39185,60457.12568,1034.519743,1692.893608,1491.51292,56792.82301,4325.150025,288.136826,207.1799709,2122.539576,1088.783228,22564.85603,90.93508908,61.38959086
Limpopo,Sekhukhune,Fetakgomo Tubatse,575960.3343,566756.5344,1270.378708,1887.995614,5398.373437,4670.230486,28809.51954,50668.85531,101526.5118,2538.597988,1567.492262,1015.362392,97558.52984,13488.58326,500.3313422,819.1681427,7493.608899,4261.243822,31589.88419,43.69608176,38.59718335
